Workbook

Sheet الأوردرات
A1: العاصمة — متابعة الأوردرات وأسباب الإلغاء
A2: م | B2: تاريخ الطلب | C2: اسم العميل | D2: رقم التليفون | E2: المزود / الشركة | F2: الخدمة المطلوبة | G2: مصدر الطلب | H2: الحالة | I2: سبب التوقف / الإلغاء | J2: التفاصيل (بكلامك) | K2: آخر تواصل | L2: الخطوة التالية | M2: المسؤول
A3: 1 | C3: محمد مصطفى | E3: غير محدد | G3: الموقع (فورم طلب) | H3: ملغي | I3: العميل مش بيرد | J3: ملغي — مش بيرد لا علينا ولا على الشركة | L3: محاولة أخيرة برسالة واتساب ثم إقفال الطلب
A4: 2 | C4: محمد إدريس | E4: الصقر | G4: الموقع (فورم طلب) | H4: ملغي | I4: السعر غالي | J4: شاف إن الصقر غالي وقال إنه بيقارن أكتر من عرض — اتبعتله أبواب مصر كبديل | L4: متابعة على عرض أبواب مصر + سؤاله عن الميزانية المستهدفة
A5: 3 | C5: مهند أبو النصر | E5: غير محدد | G5: الموقع (فورم طلب) | H5: معلّق - سبب خارجي | I5: مشكلة تشغيلية عند المزود | J5: شركة WE مش راضية تشغّل لهم النت فالتنفيذ واقف | L5: تحديد بديل أو موعد جديد وإبلاغ العميل
A6: 4 | C6: دينا أشرف | E6: الصقر | F6: كالون | G6: الموقع (فورم طلب) | H6: استفسار فقط | I6: استفسار فقط بدون نية شراء | J6: كانت بتستفسر عن كالون من الصقر | L6: عرض سعر مكتوب + متابعة بعد 3 أيام
A7: 5 | C7: نشوى ممدوح | E7: غير محدد | G7: الموقع (فورم طلب) | H7: بانتظار رد العميل | I7: السعر غالي | J7: كانت بتسأل عن الأسعار وقالت هترد علينا | L7: متابعة خلال 48 ساعة بعرض واضح
A8: 6 | C8: مصطفى أحمد | E8: الرفاعي | G8: الموقع (فورم طلب) | H8: مؤجل | I8: تأجيل / ظروف العميل | J8: قال هيأجل شوية — كان بينقل، وكان مكلم الرفاعي كمان | L8: تذكير بعد أسبوعين
A9: 7 | C9: أحمد طرطور | E9: غير محدد | G9: الموقع (فورم طلب) | H9: ملغي | I9: السعر غالي | J9: شاف إن الأسعار غالية | L9: عرض بديل أرخص أو باقة مخفّضة
A10: 8 | C10: إسلام | E10: آرت كيتشن | F10: مطابخ | G10: الموقع (فورم طلب) | H10: مش بيرد | I10: العميل مش بيرد | J10: العميل هو اللي مردّش | L10: محاولة أخيرة ثم إقفال
A11: 9 | C11: ندى منتصر | E11: آرت كيتشن | F11: مطابخ | G11: الموقع (فورم طلب) | H11: قيد التنفيذ | I11: لا ينطبق | J11: جاري تنفيذ التصميم | L11: متابعة تسليم التصميم وتأكيد التعاقد
A12: 10 | C12: نبيل محمود | E12: الرفاعي | F12: كارتات | G12: الموقع (فورم طلب) | H12: خارج نطاق الخدمة | I12: خدمة مش من شغلنا | J12: طلب «كارتات» — حاجة في التلاجة، مش من شغلنا ومش موجودة عند أي شركة عندنا | L12: قرار: نضيفها للخدمات ولا نعتذر بشكل واضح؟
A13: 11 | C13: جون | E13: النمر | G13: الموقع (فورم طلب) | H13: مش بيرد | I13: العميل مش بيرد | J13: مش بيرد | L13: محاولة أخيرة ثم إقفال
A14: 12
A15: 13
A16: 14
A17: 15
A18: 16
A19: 17
A20: 18
A21: 19
A22: 20
A23: 21
A24: 22
A25: 23
... A43: 41

Sheet القوائم
A1: الحالة | B1: سبب التوقف | C1: مصدر الطلب | D1: المزود
A2: جديد | B2: لا ينطبق | C2: الموقع (فورم طلب) | D2: الصقر
A3: تم التواصل | B3: السعر غالي | C3: تطبيق الموبايل | D3: أبواب مصر
A4: بانتظار رد العميل | B4: العميل مش بيرد | C4: واتساب / تليفون | D4: آرت كيتشن
A5: مش بيرد | B5: المزود مش بيرد | C5: فيسبوك / تسويق | D5: الرفاعي
A6: قيد التنفيذ | B6: خدمة مش من شغلنا | C6: إحالة عميل | D6: النمر
A7: مكتمل | B7: الخدمة غير متاحة عند المزودين | C7: أخرى | D7: مصر دورز
A8: مؤجل | B8: راح لمنافس | D8: غير محدد
A9: ملغي | B9: تأجيل / ظروف العميل | D9: أخرى
A10: استفسار فقط | B10: مشكلة تشغيلية عند المزود
A11: معلّق - سبب خارجي | B11: استفسار فقط بدون نية شراء
A12: خارج نطاق الخدمة | B12: أخرى
A14: ملاحظة: القوائم دي هي اللي بتظهر كقوائم منسدلة في شيت «الأوردرات». تقدر تزوّد بنود جديدة تحت أي عمود.

Sheet التحليل
A1: تحليل الأوردرات — بيتحدّث لوحده مع أي تعديل في شيت الأوردرات
A3: إجمالي الطلبات | B3: =COUNTA(الأوردرات!$C$3:$C$43) -> 11
A4: الطلبات اللي وصلت لتنفيذ أو اكتمال | B4: =COUNTIF(الأوردرات!$H$3:$H$43,"قيد التنفيذ")+COUNTIF(الأوردرات!$H$3:$H$43,"مكتمل") -> 1
A5: معدل التحويل | B5: =IFERROR(B4/B3,0) -> 0.090909091
A6: الطلبات الضايعة (ملغي + مش بيرد + استفسار) | B6: =COUNTIF(الأوردرات!$H$3:$H$43,"ملغي")+COUNTIF(الأوردرات!$H$3:$H$43,"مش بيرد")+COUNTIF(الأوردرات!$H$3:$H$43,"استفسار فقط") -> 6
A7: طلبات قابلة للتحويل (بعد استبعاد اللي خارج نطاقنا) | B7: =B3-COUNTIF(الأوردرات!$H$3:$H$43,"خارج نطاق الخدمة") -> 10
A8: ملاحظة: مصر دورز شركة مزوّدة (مش عميل) — نطاق تعاملنا معاها صيانة أبوابها فقط، فمش محسوبة في الطلبات.
A10: التوزيع حسب الحالة | B10: العدد | C10: النسبة | E10: أسباب التوقف / الإلغاء | F10: العدد | G10: النسبة
A11: جديد | B11: =COUNTIF(الأوردرات!$H$3:$H$43,A11) -> 0 | C11: =IFERROR(B11/$B$3,0) -> 0 | E11: لا ينطبق | F11: =COUNTIF(الأوردرات!$I$3:$I$43,E11) -> 1 | G11: =IFERROR(F11/$B$3,0) -> 0.090909091
A12: تم التواصل | B12: =COUNTIF(الأوردرات!$H$3:$H$43,A12) -> 0 | C12: =IFERROR(B12/$B$3,0) -> 0 | E12: السعر غالي | F12: =COUNTIF(الأوردرات!$I$3:$I$43,E12) -> 3 | G12: =IFERROR(F12/$B$3,0) -> 0.27272727
A13: بانتظار رد العميل | B13: =COUNTIF(الأوردرات!$H$3:$H$43,A13) -> 1 | C13: =IFERROR(B13/$B$3,0) -> 0.090909091 | E13: العميل مش بيرد | F13: =COUNTIF(الأوردرات!$I$3:$I$43,E13) -> 3 | G13: =IFERROR(F13/$B$3,0) -> 0.27272727
A14: مش بيرد | B14: =COUNTIF(الأوردرات!$H$3:$H$43,A14) -> 2 | C14: =IFERROR(B14/$B$3,0) -> 0.18181818 | E14: المزود مش بيرد | F14: =COUNTIF(الأوردرات!$I$3:$I$43,E14) -> 0 | G14: =IFERROR(F14/$B$3,0) -> 0
A15: قيد التنفيذ | B15: =COUNTIF(الأوردرات!$H$3:$H$43,A15) -> 1 | C15: =IFERROR(B15/$B$3,0) -> 0.090909091 | E15: خدمة مش من شغلنا | F15: =COUNTIF(الأوردرات!$I$3:$I$43,E15) -> 1 | G15: =IFERROR(F15/$B$3,0) -> 0.090909091
A16: مكتمل | B16: =COUNTIF(الأوردرات!$H$3:$H$43,A16) -> 0 | C16: =IFERROR(B16/$B$3,0) -> 0 | E16: الخدمة غير متاحة عند المزودين | F16: =COUNTIF(الأوردرات!$I$3:$I$43,E16) -> 0 | G16: =IFERROR(F16/$B$3,0) -> 0
A17: مؤجل | B17: =COUNTIF(الأوردرات!$H$3:$H$43,A17) -> 1 | C17: =IFERROR(B17/$B$3,0) -> 0.090909091 | E17: راح لمنافس | F17: =COUNTIF(الأوردرات!$I$3:$I$43,E17) -> 0 | G17: =IFERROR(F17/$B$3,0) -> 0
A18: ملغي | B18: =COUNTIF(الأوردرات!$H$3:$H$43,A18) -> 3 | C18: =IFERROR(B18/$B$3,0) -> 0.27272727 | E18: تأجيل / ظروف العميل | F18: =COUNTIF(الأوردرات!$I$3:$I$43,E18) -> 1 | G18: =IFERROR(F18/$B$3,0) -> 0.090909091
A19: استفسار فقط | B19: =COUNTIF(الأوردرات!$H$3:$H$43,A19) -> 1 | C19: =IFERROR(B19/$B$3,0) -> 0.090909091 | E19: مشكلة تشغيلية عند المزود | F19: =COUNTIF(الأوردرات!$I$3:$I$43,E19) -> 1 | G19: =IFERROR(F19/$B$3,0) -> 0.090909091
A20: معلّق - سبب خارجي | B20: =COUNTIF(الأوردرات!$H$3:$H$43,A20) -> 1 | C20: =IFERROR(B20/$B$3,0) -> 0.090909091 | E20: استفسار فقط بدون نية شراء | F20: =COUNTIF(الأوردرات!$I$3:$I$43,E20) -> 1 | G20: =IFERROR(F20/$B$3,0) -> 0.090909091
A21: خارج نطاق الخدمة | B21: =COUNTIF(الأوردرات!$H$3:$H$43,A21) -> 1 | C21: =IFERROR(B21/$B$3,0) -> 0.090909091 | E21: أخرى | F21: =COUNTIF(الأوردرات!$I$3:$I$43,E21) -> 0 | G21: =IFERROR(F21/$B$3,0) -> 0
A22: الإجمالي | B22: =SUM(B11:B21) -> 11
A25: المزود / الشركة | B25: عدد الطلبات | C25: اللي وصل تنفيذ
A26: الصقر | B26: =COUNTIF(الأوردرات!$E$3:$E$43,A26) -> 2 | C26: =COUNTIFS(الأوردرات!$E$3:$E$43,A26,الأوردرات!$H$3:$H$43,"قيد التنفيذ")+COUNTIFS(الأوردرات!$E$3:$E$43,A26,الأوردرات!$H$3:$H$43,"مكتمل") -> 0
A27: أبواب مصر | B27: =COUNTIF(الأوردرات!$E$3:$E$43,A27) -> 0 | C27: =COUNTIFS(الأوردرات!$E$3:$E$43,A27,الأوردرات!$H$3:$H$43,"قيد التنفيذ")+COUNTIFS(الأوردرات!$E$3:$E$43,A27,الأوردرات!$H$3:$H$43,"مكتمل") -> 0
A28: آرت كيتشن | B28: =COUNTIF(الأوردرات!$E$3:$E$43,A28) -> 2 | C28: =COUNTIFS(الأوردرات!$E$3:$E$43,A28,الأوردرات!$H$3:$H$43,"قيد التنفيذ")+COUNTIFS(الأوردرات!$E$3:$E$43,A28,الأوردرات!$H$3:$H$43,"مكتمل") -> 1
A29: الرفاعي | B29: =COUNTIF(الأوردرات!$E$3:$E$43,A29) -> 2 | C29: =COUNTIFS(الأوردرات!$E$3:$E$43,A29,الأوردرات!$H$3:$H$43,"قيد التنفيذ")+COUNTIFS(الأوردرات!$E$3:$E$43,A29,الأوردرات!$H$3:$H$43,"مكتمل") -> 0
A30: النمر | B30: =COUNTIF(الأوردرات!$E$3:$E$43,A30) -> 1 | C30: =COUNTIFS(الأوردرات!$E$3:$E$43,A30,الأوردرات!$H$3:$H$43,"قيد التنفيذ")+COUNTIFS(الأوردرات!$E$3:$E$43,A30,الأوردرات!$H$3:$H$43,"مكتمل") -> 0
A31: مصر دورز | B31: =COUNTIF(الأوردرات!$E$3:$E$43,A31) -> 0 | C31: =COUNTIFS(الأوردرات!$E$3:$E$43,A31,الأوردرات!$H$3:$H$43,"قيد التنفيذ")+COUNTIFS(الأوردرات!$E$3:$E$43,A31,الأوردرات!$H$3:$H$43,"مكتمل") -> 0
A32: غير محدد | B32: =COUNTIF(الأوردرات!$E$3:$E$43,A32) -> 4 | C32: =COUNTIFS(الأوردرات!$E$3:$E$43,A32,الأوردرات!$H$3:$H$43,"قيد التنفيذ")+COUNTIFS(الأوردرات!$E$3:$E$43,A32,الأوردرات!$H$3:$H$43,"مكتمل") -> 0
A33: أخرى | B33: =COUNTIF(الأوردرات!$E$3:$E$43,A33) -> 0 | C33: =COUNTIFS(الأوردرات!$E$3:$E$43,A33,الأوردرات!$H$3:$H$43,"قيد التنفيذ")+COUNTIFS(الأوردرات!$E$3:$E$43,A33,الأوردرات!$H$3:$H$43,"مكتمل") -> 0

Sheet قمع البيع
A1: قمع البيع — من أول زيارة الموقع لحد التنفيذ
A3: المرحلة | B3: العدد | C3: نسبة الاستمرار | D3: إزاي بنعرف الرقم ده
A4: زوّار الموقع | D4: محتاج تتبّع — مش متركّب لسه
A5: شافوا صفحة خدمة أو شركة | C5: =IFERROR(B5/B4,"") | D5: محتاج تتبّع — مش متركّب لسه
A6: فتحوا فورم الطلب | C6: =IFERROR(B6/B5,"") | D6: محتاج تتبّع — مش متركّب لسه
A7: أرسلوا الطلب (Lead) | B7: =التحليل!B3 -> 11 | C7: =IFERROR(B7/B6,"") | D7: من شيت الأوردرات
A8: اتواصلنا معاهم فعلاً | C8: =IFERROR(B8/B7,"") -> 0 | D8: من شيت الأوردرات — عمود آخر تواصل
A9: وصلوا لتنفيذ أو اكتمال | B9: =التحليل!B4 -> 1 | C9: =IFERROR(B9/B8,"") | D9: من شيت الأوردرات
A11: الخانات الصفرا دي فاضية عن قصد: مفيش أي أداة تتبّع مركّبة على الموقع دلوقتي، فأرقام الزيارات مش موجودة أصلاً. أول ما نركّب التتبّع هتتملي لوحدها.
